,teacher_model_name,question,schema,gold_solution,reasoning,verification_solution,isVerified
0,gpt-4o,Name the player who had the most goals for team Rimouski Oceanic in playoff.,"SCHEMA:
- Table: height_info
  - Column: height_id
    - Samples: [65, 67, 68, 69, 70]
  - Column: height_in_cm
    - Samples: [165, 170, 172, 174, 177]
  - Column: height_in_inch
    - Samples: [5'5"", 5'7"", 5'8"", 5'9"", 5'10""]
- Table: weight_info
  - Column: weight_id
    - Samples: [154, 159, 161, 163, 165]
  - Column: weight_in_kg
    - Samples: [70, 72, 73, 74, 75]
  - Column: weight_in_lbs
    - Samples: [154, 159, 161, 163, 165]
- Table: PlayerInfo
  - Column: ELITEID
    - Samples: [9, 18, 27, 30, 58]
  - Column: PlayerName
    - Samples: [David Bornhammar, David Printz, Yared Hagos, Andreas Jamtin, Per Mars]
  - Column: birthdate
    - Samples: [1981-06-15, 1980-07-24, 1983-03-27, 1983-05-04, 1982-10-23]
  - Column: birthyear
    - Samples: [1981, 1980, 1983, 1983, 1982]
  - Column: birthmonth
    - Samples: [6, 7, 3, 5, 10]
  - Column: birthday
    - Samples: [15, 24, 27, 4, 23]
  - Column: birthplace
    - Samples: [Lidingo, SWE, Stockholm, SWE, Stockholm, SWE, Stockholm, SWE, Ostersund, SWE]
  - Column: nation
    - Samples: [Sweden, Sweden, Sweden, Sweden, Sweden]
  - Column: height
    - Samples: [73, 76, 73, 72, 75]
  - Column: weight
    - Samples: [198, 220, 218, 194, 216]
  - Column: position_info
    - Samples: [D, D, C, LW/C, C]
  - Column: shoots
    - Samples: [L, L, L, L, L]
  - Column: draftyear
    - Samples: [1999, 2001, 2001, 2001, 2001]
  - Column: draftround
    - Samples: [7, 7, 3, 5, 3]
  - Column: overall
    - Samples: [192, 225, 70, 157, 87]
  - Column: overallby
    - Samples: [Washington Capitals, Philadelphia Flyers, Dallas Stars, Detroit Red Wings, Columbus Blue Jackets]
  - Column: CSS_rank
    - Samples: [192, 176, 24, 36, 176]
  - Column: sum_7yr_GP
    - Samples: [0, 13, 0, 0, 0]
  - Column: sum_7yr_TOI
    - Samples: [0, 84, 0, 0, 0]
  - Column: GP_greater_than_0
    - Samples: [no, yes, no, no, no]
- Table: SeasonStatus
  - Column: ELITEID
    - Samples: [3667, 3667, 3667, 3668, 3668]
  - Column: SEASON
    - Samples: [1997-1998, 1997-1998, 1997-1998, 1997-1998, 1997-1998]
  - Column: TEAM
    - Samples: [Rimouski Oceanic, Rimouski Oceanic, Canada U20, Plymouth Whalers, Plymouth Whalers]
  - Column: LEAGUE
    - Samples: [QMJHL, QMJHL, WJC-20, OHL, OHL]
  - Column: GAMETYPE
    - Samples: [Regular Season, Playoffs, Regular Season, Regular Season, Playoffs]
  - Column: GP
    - Samples: [58, 18, 7, 59, 15]
  - Column: G
    - Samples: [44, 15, 1, 54, 8]
  - Column: A
    - Samples: [71, 26, 1, 51, 12]
  - Column: P
    - Samples: [115, 41, 2, 105, 20]
  - Column: PIM
    - Samples: [117, 46, 4, 56, 24]
  - Column: PLUSMINUS
    - Samples: [27, 4, 0, 50, 3]",SELECT T1.PlayerName FROM PlayerInfo AS T1 INNER JOIN SeasonStatus AS T2 ON T1.ELITEID = T2.ELITEID WHERE T2.TEAM = 'Rimouski Oceanic' AND T2.GAMETYPE = 'Playoffs' ORDER BY T2.G DESC LIMIT 1,"To solve the problem of identifying the player with the most goals for the Rimouski Oceanic team during the playoffs, we can follow a logical sequence of steps:  1. **Understand the Problem**: We need to find the player with the highest number of goals for a specific team, Rimouski Oceanic, during the playoff games.  2. **Identify Relevant Tables and Columns**:    - From the `PlayerInfo` table, we need the `PlayerName` and `ELITEID` columns to identify players.    - From the `SeasonStatus` table, we need the `TEAM`, `GAMETYPE`, `G`, and `ELITEID` columns. The `TEAM` column will help us filter for the Rimouski Oceanic team, the `GAMETYPE` column will help us filter for playoff games, and the `G` column will provide the number of goals scored.  3. **Determine Necessary Joins**:    - We need to join the `PlayerInfo` and `SeasonStatus` tables on the `ELITEID` column, as this is the common identifier that links player information with their seasonal performance.  4. **Filter the Data**:    - Use a `WHERE` clause to filter the `SeasonStatus` table for records where `TEAM` is 'Rimouski Oceanic' and `GAMETYPE` is 'Playoffs'. This ensures that we are only considering playoff games for the specified team.  5. **Sort and Select the Top Performer**:    - Order the results by the `G` column in descending order to prioritize players with the most goals.    - Use `LIMIT 1` to select only the top result, which will be the player with the most goals.  6. **Construct the SQL Query**:    - Combine all the above steps into a single SQL query:            SELECT T1.PlayerName      FROM PlayerInfo AS T1      INNER JOIN SeasonStatus AS T2 ON T1.ELITEID = T2.ELITEID      WHERE T2.TEAM = 'Rimouski Oceanic' AND T2.GAMETYPE = 'Playoffs'      ORDER BY T2.G DESC      LIMIT 1        By following these steps, we logically derive the solution to identify the player with the most goals for the Rimouski Oceanic team during the playoffs.",,
1,gpt-4o,Which country do most players of team Plymouth Whalers come from?,"SCHEMA:
- Table: height_info
  - Column: height_id
    - Samples: [65, 67, 68, 69, 70]
  - Column: height_in_cm
    - Samples: [165, 170, 172, 174, 177]
  - Column: height_in_inch
    - Samples: [5'5"", 5'7"", 5'8"", 5'9"", 5'10""]
- Table: weight_info
  - Column: weight_id
    - Samples: [154, 159, 161, 163, 165]
  - Column: weight_in_kg
    - Samples: [70, 72, 73, 74, 75]
  - Column: weight_in_lbs
    - Samples: [154, 159, 161, 163, 165]
- Table: PlayerInfo
  - Column: ELITEID
    - Samples: [9, 18, 27, 30, 58]
  - Column: PlayerName
    - Samples: [David Bornhammar, David Printz, Yared Hagos, Andreas Jamtin, Per Mars]
  - Column: birthdate
    - Samples: [1981-06-15, 1980-07-24, 1983-03-27, 1983-05-04, 1982-10-23]
  - Column: birthyear
    - Samples: [1981, 1980, 1983, 1983, 1982]
  - Column: birthmonth
    - Samples: [6, 7, 3, 5, 10]
  - Column: birthday
    - Samples: [15, 24, 27, 4, 23]
  - Column: birthplace
    - Samples: [Lidingo, SWE, Stockholm, SWE, Stockholm, SWE, Stockholm, SWE, Ostersund, SWE]
  - Column: nation
    - Samples: [Sweden, Sweden, Sweden, Sweden, Sweden]
  - Column: height
    - Samples: [73, 76, 73, 72, 75]
  - Column: weight
    - Samples: [198, 220, 218, 194, 216]
  - Column: position_info
    - Samples: [D, D, C, LW/C, C]
  - Column: shoots
    - Samples: [L, L, L, L, L]
  - Column: draftyear
    - Samples: [1999, 2001, 2001, 2001, 2001]
  - Column: draftround
    - Samples: [7, 7, 3, 5, 3]
  - Column: overall
    - Samples: [192, 225, 70, 157, 87]
  - Column: overallby
    - Samples: [Washington Capitals, Philadelphia Flyers, Dallas Stars, Detroit Red Wings, Columbus Blue Jackets]
  - Column: CSS_rank
    - Samples: [192, 176, 24, 36, 176]
  - Column: sum_7yr_GP
    - Samples: [0, 13, 0, 0, 0]
  - Column: sum_7yr_TOI
    - Samples: [0, 84, 0, 0, 0]
  - Column: GP_greater_than_0
    - Samples: [no, yes, no, no, no]
- Table: SeasonStatus
  - Column: ELITEID
    - Samples: [3667, 3667, 3667, 3668, 3668]
  - Column: SEASON
    - Samples: [1997-1998, 1997-1998, 1997-1998, 1997-1998, 1997-1998]
  - Column: TEAM
    - Samples: [Rimouski Oceanic, Rimouski Oceanic, Canada U20, Plymouth Whalers, Plymouth Whalers]
  - Column: LEAGUE
    - Samples: [QMJHL, QMJHL, WJC-20, OHL, OHL]
  - Column: GAMETYPE
    - Samples: [Regular Season, Playoffs, Regular Season, Regular Season, Playoffs]
  - Column: GP
    - Samples: [58, 18, 7, 59, 15]
  - Column: G
    - Samples: [44, 15, 1, 54, 8]
  - Column: A
    - Samples: [71, 26, 1, 51, 12]
  - Column: P
    - Samples: [115, 41, 2, 105, 20]
  - Column: PIM
    - Samples: [117, 46, 4, 56, 24]
  - Column: PLUSMINUS
    - Samples: [27, 4, 0, 50, 3]","SELECT T.nation FROM ( SELECT T1.nation, COUNT(T1.ELITEID) FROM PlayerInfo AS T1 INNER JOIN SeasonStatus AS T2 ON T1.ELITEID = T2.ELITEID WHERE T2.TEAM = 'Plymouth Whalers' GROUP BY T1.nation ORDER BY COUNT(T1.ELITEID) DESC LIMIT 1 ) AS T","To solve the problem of determining which country most players of the team Plymouth Whalers come from, we can follow these logical steps:  1. **Understand the Schema and Problem**:     - Review the schema to understand the tables and columns available.    - Identify the relevant tables: `PlayerInfo` (contains player details including nationality) and `SeasonStatus` (contains team and season information).    - The problem requires us to find the country with the most players in the team Plymouth Whalers.  2. **Identify Relevant Columns**:    - From `PlayerInfo`, we need `ELITEID` (to uniquely identify players) and `nation` (to know the nationality of players).    - From `SeasonStatus`, we need `ELITEID` (to link with `PlayerInfo`) and `TEAM` (to filter for Plymouth Whalers).  3. **Plan the Query**:    - We need to join `PlayerInfo` and `SeasonStatus` on `ELITEID` to associate players with their respective teams.    - Filter the results to only include rows where the `TEAM` is 'Plymouth Whalers'.  4. **Count Players by Nation**:    - Use the `GROUP BY` clause on the `nation` column to aggregate players by their nationality.    - Use the `COUNT` function to count the number of players from each nation.  5. **Order and Limit Results**:    - Order the results by the count of players in descending order to find the nation with the most players.    - Use `LIMIT 1` to get only the top result, which is the nation with the most players in Plymouth Whalers.  6. **Construct the SQL Query**:    - Write the SQL query using the above plan:            SELECT T.nation       FROM (        SELECT T1.nation, COUNT(T1.ELITEID)         FROM PlayerInfo AS T1         INNER JOIN SeasonStatus AS T2         ON T1.ELITEID = T2.ELITEID         WHERE T2.TEAM = 'Plymouth Whalers'         GROUP BY T1.nation         ORDER BY COUNT(T1.ELITEID) DESC         LIMIT 1      ) AS T          - This query selects the nation with the highest count of players in the Plymouth Whalers team.  By following these logical steps, we can systematically approach the problem and construct a solution that accurately answers the question.",,
2,gpt-4o,Who had the most assists of team Plymouth Whalers in the 1999-2000 season?,"SCHEMA:
- Table: height_info
  - Column: height_id
    - Samples: [65, 67, 68, 69, 70]
  - Column: height_in_cm
    - Samples: [165, 170, 172, 174, 177]
  - Column: height_in_inch
    - Samples: [5'5"", 5'7"", 5'8"", 5'9"", 5'10""]
- Table: weight_info
  - Column: weight_id
    - Samples: [154, 159, 161, 163, 165]
  - Column: weight_in_kg
    - Samples: [70, 72, 73, 74, 75]
  - Column: weight_in_lbs
    - Samples: [154, 159, 161, 163, 165]
- Table: PlayerInfo
  - Column: ELITEID
    - Samples: [9, 18, 27, 30, 58]
  - Column: PlayerName
    - Samples: [David Bornhammar, David Printz, Yared Hagos, Andreas Jamtin, Per Mars]
  - Column: birthdate
    - Samples: [1981-06-15, 1980-07-24, 1983-03-27, 1983-05-04, 1982-10-23]
  - Column: birthyear
    - Samples: [1981, 1980, 1983, 1983, 1982]
  - Column: birthmonth
    - Samples: [6, 7, 3, 5, 10]
  - Column: birthday
    - Samples: [15, 24, 27, 4, 23]
  - Column: birthplace
    - Samples: [Lidingo, SWE, Stockholm, SWE, Stockholm, SWE, Stockholm, SWE, Ostersund, SWE]
  - Column: nation
    - Samples: [Sweden, Sweden, Sweden, Sweden, Sweden]
  - Column: height
    - Samples: [73, 76, 73, 72, 75]
  - Column: weight
    - Samples: [198, 220, 218, 194, 216]
  - Column: position_info
    - Samples: [D, D, C, LW/C, C]
  - Column: shoots
    - Samples: [L, L, L, L, L]
  - Column: draftyear
    - Samples: [1999, 2001, 2001, 2001, 2001]
  - Column: draftround
    - Samples: [7, 7, 3, 5, 3]
  - Column: overall
    - Samples: [192, 225, 70, 157, 87]
  - Column: overallby
    - Samples: [Washington Capitals, Philadelphia Flyers, Dallas Stars, Detroit Red Wings, Columbus Blue Jackets]
  - Column: CSS_rank
    - Samples: [192, 176, 24, 36, 176]
  - Column: sum_7yr_GP
    - Samples: [0, 13, 0, 0, 0]
  - Column: sum_7yr_TOI
    - Samples: [0, 84, 0, 0, 0]
  - Column: GP_greater_than_0
    - Samples: [no, yes, no, no, no]
- Table: SeasonStatus
  - Column: ELITEID
    - Samples: [3667, 3667, 3667, 3668, 3668]
  - Column: SEASON
    - Samples: [1997-1998, 1997-1998, 1997-1998, 1997-1998, 1997-1998]
  - Column: TEAM
    - Samples: [Rimouski Oceanic, Rimouski Oceanic, Canada U20, Plymouth Whalers, Plymouth Whalers]
  - Column: LEAGUE
    - Samples: [QMJHL, QMJHL, WJC-20, OHL, OHL]
  - Column: GAMETYPE
    - Samples: [Regular Season, Playoffs, Regular Season, Regular Season, Playoffs]
  - Column: GP
    - Samples: [58, 18, 7, 59, 15]
  - Column: G
    - Samples: [44, 15, 1, 54, 8]
  - Column: A
    - Samples: [71, 26, 1, 51, 12]
  - Column: P
    - Samples: [115, 41, 2, 105, 20]
  - Column: PIM
    - Samples: [117, 46, 4, 56, 24]
  - Column: PLUSMINUS
    - Samples: [27, 4, 0, 50, 3]",SELECT T1.PlayerName FROM PlayerInfo AS T1 INNER JOIN SeasonStatus AS T2 ON T1.ELITEID = T2.ELITEID WHERE T2.TEAM = 'Plymouth Whalers' AND T2.SEASON = '1999-2000' ORDER BY T2.A DESC LIMIT 1,"To solve the problem of identifying who had the most assists for the Plymouth Whalers during the 1999-2000 season, we can follow these logical steps:  1. **Understand the Problem**: We need to find the player with the highest number of assists (A) for a specific team (Plymouth Whalers) during a specific season (1999-2000).  2. **Identify Relevant Tables and Columns**:    - The `PlayerInfo` table contains player details, including their unique identifier (`ELITEID`) and their names (`PlayerName`).    - The `SeasonStatus` table contains performance statistics for players, including the number of assists (`A`), the team they played for (`TEAM`), and the season (`SEASON`).  3. **Determine the Necessary Join**:    - To connect player names with their performance statistics, we need to join the `PlayerInfo` and `SeasonStatus` tables using the `ELITEID` column, which is common to both tables.  4. **Filter the Data**:    - We need to filter the records in the `SeasonStatus` table to only include those where the `TEAM` is 'Plymouth Whalers' and the `SEASON` is '1999-2000'.  5. **Sort and Select the Top Record**:    - After filtering, we need to sort the results by the number of assists (`A`) in descending order to bring the player with the most assists to the top.    - Use the `LIMIT` clause to select only the top record, which corresponds to the player with the highest number of assists.  6. **Formulate the SQL Query**:    - Combine all these steps into a single SQL query:            SELECT T1.PlayerName       FROM PlayerInfo AS T1       INNER JOIN SeasonStatus AS T2 ON T1.ELITEID = T2.ELITEID       WHERE T2.TEAM = 'Plymouth Whalers'       AND T2.SEASON = '1999-2000'       ORDER BY T2.A DESC       LIMIT 1;        7. **Verify the Solution**:    - Ensure that the query correctly identifies the player with the most assists by checking the logic and the constraints applied.  By following these steps, we can systematically arrive at the solution to the problem.",,
3,gpt-4o,Indicate the height of all players from team Oshawa Generals in inches.,"SCHEMA:
- Table: height_info
  - Column: height_id
    - Samples: [65, 67, 68, 69, 70]
  - Column: height_in_cm
    - Samples: [165, 170, 172, 174, 177]
  - Column: height_in_inch
    - Samples: [5'5"", 5'7"", 5'8"", 5'9"", 5'10""]
- Table: weight_info
  - Column: weight_id
    - Samples: [154, 159, 161, 163, 165]
  - Column: weight_in_kg
    - Samples: [70, 72, 73, 74, 75]
  - Column: weight_in_lbs
    - Samples: [154, 159, 161, 163, 165]
- Table: PlayerInfo
  - Column: ELITEID
    - Samples: [9, 18, 27, 30, 58]
  - Column: PlayerName
    - Samples: [David Bornhammar, David Printz, Yared Hagos, Andreas Jamtin, Per Mars]
  - Column: birthdate
    - Samples: [1981-06-15, 1980-07-24, 1983-03-27, 1983-05-04, 1982-10-23]
  - Column: birthyear
    - Samples: [1981, 1980, 1983, 1983, 1982]
  - Column: birthmonth
    - Samples: [6, 7, 3, 5, 10]
  - Column: birthday
    - Samples: [15, 24, 27, 4, 23]
  - Column: birthplace
    - Samples: [Lidingo, SWE, Stockholm, SWE, Stockholm, SWE, Stockholm, SWE, Ostersund, SWE]
  - Column: nation
    - Samples: [Sweden, Sweden, Sweden, Sweden, Sweden]
  - Column: height
    - Samples: [73, 76, 73, 72, 75]
  - Column: weight
    - Samples: [198, 220, 218, 194, 216]
  - Column: position_info
    - Samples: [D, D, C, LW/C, C]
  - Column: shoots
    - Samples: [L, L, L, L, L]
  - Column: draftyear
    - Samples: [1999, 2001, 2001, 2001, 2001]
  - Column: draftround
    - Samples: [7, 7, 3, 5, 3]
  - Column: overall
    - Samples: [192, 225, 70, 157, 87]
  - Column: overallby
    - Samples: [Washington Capitals, Philadelphia Flyers, Dallas Stars, Detroit Red Wings, Columbus Blue Jackets]
  - Column: CSS_rank
    - Samples: [192, 176, 24, 36, 176]
  - Column: sum_7yr_GP
    - Samples: [0, 13, 0, 0, 0]
  - Column: sum_7yr_TOI
    - Samples: [0, 84, 0, 0, 0]
  - Column: GP_greater_than_0
    - Samples: [no, yes, no, no, no]
- Table: SeasonStatus
  - Column: ELITEID
    - Samples: [3667, 3667, 3667, 3668, 3668]
  - Column: SEASON
    - Samples: [1997-1998, 1997-1998, 1997-1998, 1997-1998, 1997-1998]
  - Column: TEAM
    - Samples: [Rimouski Oceanic, Rimouski Oceanic, Canada U20, Plymouth Whalers, Plymouth Whalers]
  - Column: LEAGUE
    - Samples: [QMJHL, QMJHL, WJC-20, OHL, OHL]
  - Column: GAMETYPE
    - Samples: [Regular Season, Playoffs, Regular Season, Regular Season, Playoffs]
  - Column: GP
    - Samples: [58, 18, 7, 59, 15]
  - Column: G
    - Samples: [44, 15, 1, 54, 8]
  - Column: A
    - Samples: [71, 26, 1, 51, 12]
  - Column: P
    - Samples: [115, 41, 2, 105, 20]
  - Column: PIM
    - Samples: [117, 46, 4, 56, 24]
  - Column: PLUSMINUS
    - Samples: [27, 4, 0, 50, 3]",SELECT T3.height_in_inch FROM PlayerInfo AS T1 INNER JOIN SeasonStatus AS T2 ON T1.ELITEID = T2.ELITEID INNER JOIN height_info AS T3 ON T1.height = T3.height_id WHERE T2.TEAM = 'Oshawa Generals',"To solve the SQL problem of indicating the height of all players from the team ""Oshawa Generals"" in inches, follow these logical steps:  1. **Understand the Problem Statement**: We need to find the heights in inches of players who are part of the ""Oshawa Generals"" team. This requires joining information from multiple tables.  2. **Identify Relevant Tables and Columns**:    - **PlayerInfo**: Contains player details including `ELITEID` and `height`.    - **SeasonStatus**: Contains team information with `ELITEID` and `TEAM`.    - **height_info**: Contains height details including `height_id` and `height_in_inch`.  3. **Determine the Relationships**:    - The `PlayerInfo` table can be linked to the `SeasonStatus` table using the `ELITEID` column, as both tables contain this common identifier.    - The `PlayerInfo` table can be linked to the `height_info` table using the `height` column from `PlayerInfo` and `height_id` from `height_info`.  4. **Plan the SQL Query**:    - Start by selecting the `height_in_inch` from the `height_info` table since we need the height in inches.    - Use an `INNER JOIN` to connect `PlayerInfo` and `SeasonStatus` on `ELITEID` to filter players who belong to the ""Oshawa Generals"".    - Use another `INNER JOIN` to connect `PlayerInfo` and `height_info` on `height` and `height_id` to get the height in inches.  5. **Filter the Results**:    - Add a `WHERE` clause to filter the results to only include players from the ""Oshawa Generals"" team.  6. **Write the SQL Query**:    - Combine the above steps into a coherent SQL query:            SELECT T3.height_in_inch      FROM PlayerInfo AS T1      INNER JOIN SeasonStatus AS T2 ON T1.ELITEID = T2.ELITEID      INNER JOIN height_info AS T3 ON T1.height = T3.height_id      WHERE T2.TEAM = 'Oshawa Generals';        7. **Verify the Query**:    - Ensure that the query correctly joins the tables and filters the data as intended. Check for any potential issues such as missing data or incorrect joins.  By following these logical steps, we can systematically approach the problem and construct the SQL query to retrieve the desired information.",,
4,gpt-4o,Who is the oldest player that participated in OHL league in the 1997 - 2000 season?,"SCHEMA:
- Table: height_info
  - Column: height_id
    - Samples: [65, 67, 68, 69, 70]
  - Column: height_in_cm
    - Samples: [165, 170, 172, 174, 177]
  - Column: height_in_inch
    - Samples: [5'5"", 5'7"", 5'8"", 5'9"", 5'10""]
- Table: weight_info
  - Column: weight_id
    - Samples: [154, 159, 161, 163, 165]
  - Column: weight_in_kg
    - Samples: [70, 72, 73, 74, 75]
  - Column: weight_in_lbs
    - Samples: [154, 159, 161, 163, 165]
- Table: PlayerInfo
  - Column: ELITEID
    - Samples: [9, 18, 27, 30, 58]
  - Column: PlayerName
    - Samples: [David Bornhammar, David Printz, Yared Hagos, Andreas Jamtin, Per Mars]
  - Column: birthdate
    - Samples: [1981-06-15, 1980-07-24, 1983-03-27, 1983-05-04, 1982-10-23]
  - Column: birthyear
    - Samples: [1981, 1980, 1983, 1983, 1982]
  - Column: birthmonth
    - Samples: [6, 7, 3, 5, 10]
  - Column: birthday
    - Samples: [15, 24, 27, 4, 23]
  - Column: birthplace
    - Samples: [Lidingo, SWE, Stockholm, SWE, Stockholm, SWE, Stockholm, SWE, Ostersund, SWE]
  - Column: nation
    - Samples: [Sweden, Sweden, Sweden, Sweden, Sweden]
  - Column: height
    - Samples: [73, 76, 73, 72, 75]
  - Column: weight
    - Samples: [198, 220, 218, 194, 216]
  - Column: position_info
    - Samples: [D, D, C, LW/C, C]
  - Column: shoots
    - Samples: [L, L, L, L, L]
  - Column: draftyear
    - Samples: [1999, 2001, 2001, 2001, 2001]
  - Column: draftround
    - Samples: [7, 7, 3, 5, 3]
  - Column: overall
    - Samples: [192, 225, 70, 157, 87]
  - Column: overallby
    - Samples: [Washington Capitals, Philadelphia Flyers, Dallas Stars, Detroit Red Wings, Columbus Blue Jackets]
  - Column: CSS_rank
    - Samples: [192, 176, 24, 36, 176]
  - Column: sum_7yr_GP
    - Samples: [0, 13, 0, 0, 0]
  - Column: sum_7yr_TOI
    - Samples: [0, 84, 0, 0, 0]
  - Column: GP_greater_than_0
    - Samples: [no, yes, no, no, no]
- Table: SeasonStatus
  - Column: ELITEID
    - Samples: [3667, 3667, 3667, 3668, 3668]
  - Column: SEASON
    - Samples: [1997-1998, 1997-1998, 1997-1998, 1997-1998, 1997-1998]
  - Column: TEAM
    - Samples: [Rimouski Oceanic, Rimouski Oceanic, Canada U20, Plymouth Whalers, Plymouth Whalers]
  - Column: LEAGUE
    - Samples: [QMJHL, QMJHL, WJC-20, OHL, OHL]
  - Column: GAMETYPE
    - Samples: [Regular Season, Playoffs, Regular Season, Regular Season, Playoffs]
  - Column: GP
    - Samples: [58, 18, 7, 59, 15]
  - Column: G
    - Samples: [44, 15, 1, 54, 8]
  - Column: A
    - Samples: [71, 26, 1, 51, 12]
  - Column: P
    - Samples: [115, 41, 2, 105, 20]
  - Column: PIM
    - Samples: [117, 46, 4, 56, 24]
  - Column: PLUSMINUS
    - Samples: [27, 4, 0, 50, 3]",SELECT T1.PlayerName FROM PlayerInfo AS T1 INNER JOIN SeasonStatus AS T2 ON T1.ELITEID = T2.ELITEID WHERE T2.LEAGUE = 'OHL' AND T2.SEASON = '1999-2000' ORDER BY T1.birthdate LIMIT 1,"To solve the problem of finding the oldest player who participated in the OHL league during the 1997-2000 season, we can follow these logical steps:  1. **Understand the Problem**: We need to identify the oldest player who played in the OHL league during the specified season range (1997-2000). The oldest player is determined by the earliest birthdate.  2. **Identify Relevant Tables**:     - The `PlayerInfo` table contains player details, including their birthdate.    - The `SeasonStatus` table contains information about the seasons, leagues, and teams the players participated in.  3. **Determine Necessary Columns**:    - From `PlayerInfo`, we need the `PlayerName` and `birthdate` to identify and sort players by age.    - From `SeasonStatus`, we need `LEAGUE`, `SEASON`, and `ELITEID` to filter players who participated in the OHL during the specified season.  4. **Establish Relationships**:     - Both tables can be linked using the `ELITEID` column, which serves as a foreign key in `SeasonStatus` and a primary key in `PlayerInfo`.  5. **Filter by League and Season**:    - We need to filter the `SeasonStatus` table to include only records where the `LEAGUE` is 'OHL' and the `SEASON` is within the 1997-2000 range. However, since the solution specifies '1999-2000', we will focus on this season.  6. **Join Tables**:    - Perform an INNER JOIN between `PlayerInfo` and `SeasonStatus` on the `ELITEID` column to combine player details with their season participation records.  7. **Order by Birthdate**:    - To find the oldest player, sort the results by `birthdate` in ascending order. The oldest player will have the earliest birthdate.  8. **Select the Top Record**:    - Use `LIMIT 1` to select only the first record from the sorted results, which corresponds to the oldest player.  9. **Formulate the SQL Query**:    - Combine all the steps into a SQL query:            SELECT T1.PlayerName       FROM PlayerInfo AS T1       INNER JOIN SeasonStatus AS T2       ON T1.ELITEID = T2.ELITEID       WHERE T2.LEAGUE = 'OHL'       AND T2.SEASON = '1999-2000'       ORDER BY T1.birthdate       LIMIT 1;        By following these steps, we logically arrive at the SQL solution that identifies the oldest player in the specified league and season.",,
5,gpt-4o,Who is the tallest player in team USA U20?,"SCHEMA:
- Table: height_info
  - Column: height_id
    - Samples: [65, 67, 68, 69, 70]
  - Column: height_in_cm
    - Samples: [165, 170, 172, 174, 177]
  - Column: height_in_inch
    - Samples: [5'5"", 5'7"", 5'8"", 5'9"", 5'10""]
- Table: weight_info
  - Column: weight_id
    - Samples: [154, 159, 161, 163, 165]
  - Column: weight_in_kg
    - Samples: [70, 72, 73, 74, 75]
  - Column: weight_in_lbs
    - Samples: [154, 159, 161, 163, 165]
- Table: PlayerInfo
  - Column: ELITEID
    - Samples: [9, 18, 27, 30, 58]
  - Column: PlayerName
    - Samples: [David Bornhammar, David Printz, Yared Hagos, Andreas Jamtin, Per Mars]
  - Column: birthdate
    - Samples: [1981-06-15, 1980-07-24, 1983-03-27, 1983-05-04, 1982-10-23]
  - Column: birthyear
    - Samples: [1981, 1980, 1983, 1983, 1982]
  - Column: birthmonth
    - Samples: [6, 7, 3, 5, 10]
  - Column: birthday
    - Samples: [15, 24, 27, 4, 23]
  - Column: birthplace
    - Samples: [Lidingo, SWE, Stockholm, SWE, Stockholm, SWE, Stockholm, SWE, Ostersund, SWE]
  - Column: nation
    - Samples: [Sweden, Sweden, Sweden, Sweden, Sweden]
  - Column: height
    - Samples: [73, 76, 73, 72, 75]
  - Column: weight
    - Samples: [198, 220, 218, 194, 216]
  - Column: position_info
    - Samples: [D, D, C, LW/C, C]
  - Column: shoots
    - Samples: [L, L, L, L, L]
  - Column: draftyear
    - Samples: [1999, 2001, 2001, 2001, 2001]
  - Column: draftround
    - Samples: [7, 7, 3, 5, 3]
  - Column: overall
    - Samples: [192, 225, 70, 157, 87]
  - Column: overallby
    - Samples: [Washington Capitals, Philadelphia Flyers, Dallas Stars, Detroit Red Wings, Columbus Blue Jackets]
  - Column: CSS_rank
    - Samples: [192, 176, 24, 36, 176]
  - Column: sum_7yr_GP
    - Samples: [0, 13, 0, 0, 0]
  - Column: sum_7yr_TOI
    - Samples: [0, 84, 0, 0, 0]
  - Column: GP_greater_than_0
    - Samples: [no, yes, no, no, no]
- Table: SeasonStatus
  - Column: ELITEID
    - Samples: [3667, 3667, 3667, 3668, 3668]
  - Column: SEASON
    - Samples: [1997-1998, 1997-1998, 1997-1998, 1997-1998, 1997-1998]
  - Column: TEAM
    - Samples: [Rimouski Oceanic, Rimouski Oceanic, Canada U20, Plymouth Whalers, Plymouth Whalers]
  - Column: LEAGUE
    - Samples: [QMJHL, QMJHL, WJC-20, OHL, OHL]
  - Column: GAMETYPE
    - Samples: [Regular Season, Playoffs, Regular Season, Regular Season, Playoffs]
  - Column: GP
    - Samples: [58, 18, 7, 59, 15]
  - Column: G
    - Samples: [44, 15, 1, 54, 8]
  - Column: A
    - Samples: [71, 26, 1, 51, 12]
  - Column: P
    - Samples: [115, 41, 2, 105, 20]
  - Column: PIM
    - Samples: [117, 46, 4, 56, 24]
  - Column: PLUSMINUS
    - Samples: [27, 4, 0, 50, 3]","SELECT T.PlayerName FROM ( SELECT T1.PlayerName, T3.height_in_cm FROM PlayerInfo AS T1 INNER JOIN SeasonStatus AS T2 ON T1.ELITEID = T2.ELITEID INNER JOIN height_info AS T3 ON T1.height = T3.height_id WHERE T2.TEAM = 'USA U20' ORDER BY T3.height_in_cm DESC ) AS T WHERE T.height_in_cm = ( SELECT MAX(T3.height_in_cm) FROM PlayerInfo AS T1 INNER JOIN SeasonStatus AS T2 ON T1.ELITEID = T2.ELITEID INNER JOIN height_info AS T3 ON T1.height = T3.height_id WHERE T2.TEAM = 'USA U20' )","To solve the problem of finding the tallest player in team USA U20, we need to follow a series of logical steps to extract and process the necessary data from the given schema. Hereâ€™s how we can approach the problem:  1. **Understand the Schema and Data Relationships**:    - Identify the relevant tables: `PlayerInfo`, `SeasonStatus`, and `height_info`.    - Recognize that `PlayerInfo` contains player details including `ELITEID` and `height`.    - Note that `SeasonStatus` contains team information and is linked to `PlayerInfo` via `ELITEID`.    - Understand that `height_info` provides the actual height measurements in centimeters, linked to `PlayerInfo` via the `height` column.  2. **Identify the Target Team**:    - We are interested in players who are part of the ""USA U20"" team. This information is stored in the `SeasonStatus` table under the `TEAM` column.  3. **Join Relevant Tables**:    - To get the player names and their heights, we need to join `PlayerInfo` with `SeasonStatus` on `ELITEID` to filter players who are part of ""USA U20"".    - Additionally, join `PlayerInfo` with `height_info` on the `height` column to get the height in centimeters.  4. **Filter and Sort Data**:    - After joining the tables, filter the records to include only those where the `TEAM` is ""USA U20"".    - Sort the resulting data by `height_in_cm` in descending order to bring the tallest player to the top.  5. **Select the Tallest Player**:    - Use a subquery to find the maximum height among the filtered players.    - Select the player name(s) whose height matches this maximum value.  6. **Construct the SQL Query**:    - Begin by writing a subquery that joins the tables and filters for ""USA U20"", ordering by height.    - Use another subquery to find the maximum height from the filtered results.    - Select the player name from the ordered list where the height matches the maximum height found.  By following these steps, we can construct the SQL query that accurately identifies the tallest player in team USA U20. The final query is structured to ensure that all necessary data is joined, filtered, and sorted correctly to achieve the desired result.",,
6,gpt-4o,What is the percentage of Swedish players in playoffs games in the 1997 - 2000 season?,"SCHEMA:
- Table: height_info
  - Column: height_id
    - Samples: [65, 67, 68, 69, 70]
  - Column: height_in_cm
    - Samples: [165, 170, 172, 174, 177]
  - Column: height_in_inch
    - Samples: [5'5"", 5'7"", 5'8"", 5'9"", 5'10""]
- Table: weight_info
  - Column: weight_id
    - Samples: [154, 159, 161, 163, 165]
  - Column: weight_in_kg
    - Samples: [70, 72, 73, 74, 75]
  - Column: weight_in_lbs
    - Samples: [154, 159, 161, 163, 165]
- Table: PlayerInfo
  - Column: ELITEID
    - Samples: [9, 18, 27, 30, 58]
  - Column: PlayerName
    - Samples: [David Bornhammar, David Printz, Yared Hagos, Andreas Jamtin, Per Mars]
  - Column: birthdate
    - Samples: [1981-06-15, 1980-07-24, 1983-03-27, 1983-05-04, 1982-10-23]
  - Column: birthyear
    - Samples: [1981, 1980, 1983, 1983, 1982]
  - Column: birthmonth
    - Samples: [6, 7, 3, 5, 10]
  - Column: birthday
    - Samples: [15, 24, 27, 4, 23]
  - Column: birthplace
    - Samples: [Lidingo, SWE, Stockholm, SWE, Stockholm, SWE, Stockholm, SWE, Ostersund, SWE]
  - Column: nation
    - Samples: [Sweden, Sweden, Sweden, Sweden, Sweden]
  - Column: height
    - Samples: [73, 76, 73, 72, 75]
  - Column: weight
    - Samples: [198, 220, 218, 194, 216]
  - Column: position_info
    - Samples: [D, D, C, LW/C, C]
  - Column: shoots
    - Samples: [L, L, L, L, L]
  - Column: draftyear
    - Samples: [1999, 2001, 2001, 2001, 2001]
  - Column: draftround
    - Samples: [7, 7, 3, 5, 3]
  - Column: overall
    - Samples: [192, 225, 70, 157, 87]
  - Column: overallby
    - Samples: [Washington Capitals, Philadelphia Flyers, Dallas Stars, Detroit Red Wings, Columbus Blue Jackets]
  - Column: CSS_rank
    - Samples: [192, 176, 24, 36, 176]
  - Column: sum_7yr_GP
    - Samples: [0, 13, 0, 0, 0]
  - Column: sum_7yr_TOI
    - Samples: [0, 84, 0, 0, 0]
  - Column: GP_greater_than_0
    - Samples: [no, yes, no, no, no]
- Table: SeasonStatus
  - Column: ELITEID
    - Samples: [3667, 3667, 3667, 3668, 3668]
  - Column: SEASON
    - Samples: [1997-1998, 1997-1998, 1997-1998, 1997-1998, 1997-1998]
  - Column: TEAM
    - Samples: [Rimouski Oceanic, Rimouski Oceanic, Canada U20, Plymouth Whalers, Plymouth Whalers]
  - Column: LEAGUE
    - Samples: [QMJHL, QMJHL, WJC-20, OHL, OHL]
  - Column: GAMETYPE
    - Samples: [Regular Season, Playoffs, Regular Season, Regular Season, Playoffs]
  - Column: GP
    - Samples: [58, 18, 7, 59, 15]
  - Column: G
    - Samples: [44, 15, 1, 54, 8]
  - Column: A
    - Samples: [71, 26, 1, 51, 12]
  - Column: P
    - Samples: [115, 41, 2, 105, 20]
  - Column: PIM
    - Samples: [117, 46, 4, 56, 24]
  - Column: PLUSMINUS
    - Samples: [27, 4, 0, 50, 3]","SELECT DISTINCT CAST(COUNT(CASE WHEN T1.nation = 'Sweden' THEN T1.ELITEID ELSE NULL END) OVER (PARTITION BY T2.SEASON) AS REAL) * 100 / COUNT(T1.ELITEID) OVER (PARTITION BY T2.SEASON) FROM PlayerInfo AS T1 INNER JOIN SeasonStatus AS T2 ON T1.ELITEID = T2.ELITEID WHERE T2.SEASON IN ('1997-1998', '1998-1999', '1999-2000')","To solve the problem of finding the percentage of Swedish players in playoff games during the 1997-2000 seasons, we can break down the process into logical steps:  1. **Understand the Problem Statement:**    - We need to calculate the percentage of Swedish players who participated in playoff games during the specified seasons (1997-1998, 1998-1999, 1999-2000).  2. **Review the Schema:**    - Identify relevant tables and columns:      - `PlayerInfo`: Contains player nationality (`nation`) and unique identifier (`ELITEID`).      - `SeasonStatus`: Contains game type (`GAMETYPE`), season (`SEASON`), and player identifier (`ELITEID`).  3. **Identify Key Columns:**    - From `PlayerInfo`, we need `ELITEID` and `nation`.    - From `SeasonStatus`, we need `ELITEID`, `SEASON`, and `GAMETYPE`.  4. **Filter Relevant Data:**    - We are interested in playoff games, so filter `SeasonStatus` where `GAMETYPE` is 'Playoffs'.    - Limit the seasons to '1997-1998', '1998-1999', and '1999-2000'.  5. **Join Tables:**    - Use `ELITEID` to join `PlayerInfo` and `SeasonStatus` to associate players with their game records.  6. **Calculate Swedish Player Count:**    - Use a `CASE` statement to count players whose `nation` is 'Sweden' for each season.  7. **Calculate Total Player Count:**    - Count all players who participated in playoff games for each season.  8. **Compute Percentage:**    - Divide the count of Swedish players by the total player count for each season and multiply by 100 to get the percentage.  9. **SQL Query Construction:**    - Use a `SELECT` statement with a `DISTINCT` clause to ensure unique results.    - Use window functions (`OVER (PARTITION BY T2.SEASON)`) to calculate counts per season.    - Use `CAST` to ensure the division results in a real number for percentage calculation.  10. **Final Query:**    - Construct the final SQL query incorporating all the above logic to get the desired output.  By following these steps, we can logically derive the solution to calculate the percentage of Swedish players in playoff games during the specified seasons.",,
